index;From_Bus;To_Bus;R;X;G;B;Max_Mvar;Y/2
1;1;2;0.01008;0.0504;3.815629;-19.078144;10.25;0.05125
2;2;4;0.00744;0.0372;5.169561;-25.847809;7.75;0.03875
3;1;3;0.00744;0.0372;5.169561;-25.847809;7.75;0.03875
4;3;4;0.01272;0.0636;3.023705;-15.118528;12.75;0.06375
